substation1,264,324
substation2,81,-234
substation3,105,-333
substation4,85,-415
substation5,-465,47
substation6,-6,-248
substation7,421,157
substation8,124,-189
substation9,122,-258
substation10,349,140
substation11,394,-210
substation12,174,29
substation13,-211,354
substation14,-195,-394
substation15,395,-189
substation16,-283,380
substation17,-426,89
substation18,-85,30
substation19,411,-175
substation20,364,193
substation21,11,-112
substation22,-53,300
substation23,-461,351
substation24,-244,40
substation25,338,128
substation26,-30,-125
substation27,-281,12
substation28,-192,15
substation29,471,-366
substation30,353,-170
substation31,-390,-419
substation32,44,-47
substation33,-219,-376
substation34,105,120
substation35,418,76
substation36,-449,387
substation37,-373,58
substation38,-168,-274
substation39,156,-223
substation40,295,416
substation41,151,-310
substation42,271,69
substation43,193,-188
substation44,371,-161
substation45,-244,54
substation46,293,131
substation47,150,-398
substation48,-80,-238
substation49,339,-410
substation50,199,-86
substation51,466,-380
substation52,155,-19
substation53,239,388
substation54,475,-315
substation55,-410,-328
substation56,-275,-287
substation57,-272,-16
substation58,198,308
substation59,-136,144
substation60,-327,294
substation61,115,-80
substation62,-55,-363
substation63,-422,-111
substation64,-453,334
substation65,-324,64
substation66,203,-85
substation67,114,-140
substation68,-282,-357
substation69,435,-245
substation70,274,-379
substation71,303,-218
substation72,201,31
substation73,229,391
substation74,1,388
substation75,25,-31
substation76,-122,-69
substation77,-83,261
substation78,388,337
substation79,-450,189
substation80,131,-404
substation81,-150,7
substation82,345,32
substation83,309,114
substation84,121,-382
substation85,264,-282
substation86,318,-167
substation87,-370,148
substation88,-231,-112
substation89,385,-406
substation90,344,-141
substation91,-477,-298
substation92,-98,-60
substation93,200,36
substation94,63,-230
substation95,-36,360
substation96,-456,-76
substation97,-111,229
substation98,126,-272
substation99,-19,-160
substation100,52,268
substation101,-43,-381
substation102,108,-236
substation103,183,77
substation104,393,71
substation105,-429,-371
substation106,442,118
substation107,162,189
substation108,-423,78
substation109,79,163
substation110,-393,-112
substation111,-384,-416
substation112,-308,281
substation113,193,-352
substation114,-10,156
substation115,-262,-242
substation116,-165,-330
substation117,312,-36
substation118,-149,138
substation119,-82,37
substation120,-177,285
substation121,227,-224
substation122,-260,-259
substation123,-203,-354
substation124,-182,156
substation125,370,-88
substation126,-93,-154
substation127,-319,-47
substation128,-2,-52
substation129,379,-75
substation130,54,46
substation131,448,-3
substation132,-258,9
substation133,403,-212
substation134,-25,330
substation135,246,264
substation136,-108,-407
substation137,131,-97
substation138,377,-291
substation139,57,-303
substation140,-233,-268
substation141,333,-250
substation142,69,-150
substation143,-451,-366
substation144,-94,310
substation145,-171,326
substation146,391,-390
substation147,-427,-37
substation148,145,-246
substation149,-417,194
substation150,-12,72
substation151,465,399
substation152,180,273
substation153,379,-82
substation154,-213,159
substation155,-316,135
substation156,297,142
substation157,294,-197
substation158,-130,98
substation159,125,155
substation160,-409,-59
substation161,-261,-173
substation162,284,-187
substation163,174,64
substation164,186,-233
substation165,-190,301
substation166,-424,-279
substation167,-98,409
substation168,-282,213
substation169,130,124
substation170,-139,231
substation171,173,378
substation172,4,-344
substation173,317,91
substation174,-271,203
substation175,-330,88
substation176,278,-159
substation177,333,367
substation178,386,-234
substation179,-208,33
substation180,-106,73
substation181,-375,-83
substation182,-263,-360
substation183,-274,-286
substation184,92,-344
substation185,-211,289
substation186,73,-305
substation187,201,80
substation188,47,-334
substation189,-386,157
substation190,118,322
substation191,-97,-159
substation192,-101,-98
substation193,116,397
substation194,308,-193
substation195,99,245
substation196,89,76
substation197,-222,361
substation198,-128,-250
substation199,308,197
substation200,121,-169
substation201,-328,135
substation202,100,406
substation203,-418,220
substation204,279,-352
substation205,-139,-162
substation206,472,-205
substation207,56,210
substation208,281,-61
substation209,347,261
substation210,-288,252
substation211,-412,230
substation212,-469,412
substation213,-385,-220
substation214,4,-412
substation215,194,-25
substation216,33,-157
substation217,-19,143
substation218,207,-133
substation219,2,-365
substation220,306,-391
substation221,424,-249
substation222,-323,341
substation223,441,62
substation224,-89,8
substation225,158,-392
substation226,332,279
substation227,-224,-55
substation228,-471,418
substation229,435,-239
substation230,159,-347
substation231,126,-211
substation232,349,135
substation233,9,-146
substation234,-169,94
substation235,290,-34
substation236,69,-31
substation237,467,-283
substation238,97,-298
substation239,2,174
substation240,-32,90
substation241,344,265
substation242,74,-155
substation243,35,-1
substation244,-331,174
substation245,295,14
substation246,363,142
substation247,59,42
substation248,307,55
substation249,69,-39
substation250,-246,-236
substation251,-445,-144
substation252,147,217
substation253,71,234
substation254,211,-52
substation255,252,-283
substation256,214,366
substation257,314,-78
substation258,-443,-212
substation259,-196,353
substation260,-230,-109
substation261,282,162
substation262,-444,-304
substation263,79,149
substation264,-145,-266
substation265,-333,338
substation266,-1,33
substation267,-236,-414
substation268,-121,-314
substation269,-412,-211
substation270,439,74
