substation1,94,96
substation2,29,804
substation3,458,528
substation4,18,46
substation5,509,246
substation6,189,846
substation7,530,154
substation8,1028,449
substation9,815,274
substation10,109,301
substation11,655,846
substation12,432,706
substation13,145,158
substation14,1101,1017
substation15,301,512
substation16,654,293
substation17,1186,2
substation18,1057,894
substation19,313,488
substation20,223,421
substation21,926,115
substation22,811,439
substation23,44,344
substation24,548,932
substation25,843,226
substation26,397,212
substation27,1149,563
substation28,408,939
substation29,1139,727
substation30,1125,282
substation31,238,766
substation32,1091,673
substation33,76,293
substation34,624,159
substation35,1067,787
substation36,999,55
substation37,787,516
substation38,65,495
substation39,787,1033
substation40,749,810
substation41,1151,1029
substation42,966,831
substation43,587,634
substation44,984,781
substation45,744,547
substation46,17,139
substation47,444,752
substation48,1121,265
substation49,882,201
substation50,156,903
substation51,1108,757
substation52,385,410
substation53,302,674
substation54,588,4
substation55,613,369
substation56,600,855
substation57,800,928
substation58,690,908
substation59,112,739
substation60,489,182
substation61,911,229
substation62,943,700
substation63,1029,9
substation64,581,926
substation65,840,88
substation66,535,642
substation67,854,487
substation68,640,820
substation69,1043,766
substation70,596,684
substation71,541,673
substation72,793,215
substation73,811,387
substation74,323,22
substation75,775,553
substation76,1149,739
substation77,834,626
substation78,284,134
substation79,877,807
substation80,407,369
substation81,913,55
substation82,89,38
substation83,109,183
substation84,168,182
substation85,367,291
substation86,528,661
substation87,763,256
substation88,1012,160
substation89,81,245
substation90,571,219
substation91,233,417
substation92,942,359
substation93,741,1016
substation94,663,729
substation95,287,0
substation96,595,313
substation97,736,102
substation98,773,850
substation99,782,406
substation100,997,681
substation101,1108,494
substation102,741,429
substation103,684,921
substation104,298,489
substation105,654,477
substation106,3,113
substation107,356,794
substation108,527,10
substation109,270,49
substation110,127,693
substation111,276,495
substation112,279,660
substation113,680,193
substation114,709,76
substation115,28,682
substation116,649,786
substation117,850,949
substation118,802,752
substation119,874,193
substation120,869,479
substation121,926,430
substation122,963,505
substation123,153,470
substation124,91,220
substation125,740,191
substation126,253,670
substation127,371,900
substation128,633,724
substation129,431,150
substation130,987,779
substation131,224,465
substation132,996,552
substation133,858,379
substation134,498,755
substation135,566,824
substation136,557,414
substation137,539,52
substation138,447,779
substation139,911,707
substation140,1018,548
substation141,133,660
substation142,1001,343
substation143,400,22
substation144,439,319
substation145,909,548
substation146,500,511
substation147,751,138
substation148,316,952
substation149,347,547
substation150,796,704
substation151,313,171
substation152,127,48
substation153,849,308
substation154,1062,27
substation155,316,443
substation156,435,662
substation157,568,659
substation158,246,494
substation159,877,659
substation160,154,697
substation161,1129,154
substation162,829,652
substation163,938,76
substation164,324,129
substation165,825,425
substation166,725,19
substation167,417,521
substation168,932,750
substation169,26,646
substation170,120,210
substation171,15,666
substation172,46,858
substation173,315,176
substation174,1045,190
substation175,678,256
substation176,384,195
substation177,161,542
substation178,767,14
substation179,117,836
substation180,819,865
substation181,601,284
substation182,155,106
substation183,680,215
substation184,1059,746
substation185,89,564
substation186,887,76
substation187,1080,589
substation188,237,346
substation189,854,190
substation190,220,268
substation191,1,570
substation192,161,372
substation193,377,384
substation194,573,536
substation195,485,94
substation196,1045,744
substation197,234,320
substation198,947,440
substation199,127,481
substation200,309,502
substation201,559,349
substation202,426,675
substation203,124,606
substation204,329,785
substation205,904,30
substation206,715,398
substation207,1147,555
substation208,588,963
substation209,68,272
substation210,1153,1016
substation211,194,590
substation212,22,891
substation213,823,761
substation214,947,569
substation215,233,699
substation216,105,969
substation217,417,757
substation218,1105,312
substation219,3,722
substation220,515,101
substation221,359,161
substation222,651,414
substation223,721,461
substation224,813,815
substation225,615,560
substation226,956,950
substation227,1153,364
substation228,648,645
substation229,203,728
substation230,551,172
substation231,586,33
substation232,751,413
substation233,777,198
substation234,978,204
substation235,695,241
substation236,418,721
substation237,364,752
substation238,523,319
substation239,837,443
substation240,339,466
substation241,153,653
substation242,295,976
substation243,662,193
substation244,263,122
substation245,593,41
substation246,1172,748
substation247,263,524
substation248,956,219
substation249,301,491
substation250,1068,116
substation251,379,790
substation252,1074,483
substation253,537,307
substation254,60,1007
substation255,888,121
substation256,1002,761
substation257,772,448
substation258,997,1029
substation259,528,172
substation260,994,846
substation261,728,259
substation262,725,625
substation263,482,153
substation264,337,471
substation265,940,92
substation266,789,572
substation267,414,653
substation268,1186,916
substation269,403,919
substation270,167,265
